{
  "trained_at": "2026-01-05T02:28:38.883667",
  "n_samples": 200,
  "algorithm": "isolation_forest",
  "contamination": 0.1,
  "actual_anomaly_rate": 0.1,
  "score_threshold": -3.350184712980209e-17,
  "feature_stats": {
    "duration_seconds": {
      "mean": 217.77,
      "std": 77.28193255865176,
      "min": 79.0,
      "max": 399.0,
      "median": 205.5
    },
    "distance_km": {
      "mean": 5.368185161736963,
      "std": 1.7961181343615198,
      "min": 0.6810550187869029,
      "max": 9.619691737891738,
      "median": 5.437343798225308
    },
    "harsh_brake_count": {
      "mean": 12.745,
      "std": 10.043902379055664,
      "min": 0.0,
      "max": 49.0,
      "median": 10.0
    },
    "harsh_accel_count": {
      "mean": 13.975,
      "std": 12.009761654587487,
      "min": 0.0,
      "max": 50.0,
      "median": 12.0
    },
    "harsh_brake_rate": {
      "mean": 262.28831681305286,
      "std": 231.77793105773887,
      "min": 0.0,
      "max": 886.9565217391305,
      "median": 156.1454849498328
    },
    "harsh_accel_rate": {
      "mean": 296.09168325220617,
      "std": 274.4955091059869,
      "min": 0.0,
      "max": 943.3155080213903,
      "median": 197.78267935918274
    },
    "speeding_percentage": {
      "mean": 82.01230738637965,
      "std": 20.93038995010537,
      "min": 0.0,
      "max": 99.21875,
      "median": 88.41180371352785
    },
    "idle_percentage": {
      "mean": 0.3697678574629461,
      "std": 1.5967926691547423,
      "min": 0.0,
      "max": 10.824742268041238,
      "median": 0.0
    },
    "over_rpm_percentage": {
      "mean": 0.332587913622433,
      "std": 1.2207463236612155,
      "min": 0.0,
      "max": 11.25,
      "median": 0.0
    },
    "high_throttle_percentage": {
      "mean": 26.16911256877951,
      "std": 28.65829450998853,
      "min": 0.0,
      "max": 82.01438848920863,
      "median": 12.172476339277697
    },
    "avg_speed_kmh": {
      "mean": 99.16235681685295,
      "std": 42.630620099048755,
      "min": 14.574375,
      "max": 187.49,
      "median": 90.51323339780787
    },
    "max_speed_kmh": {
      "mean": 151.6985,
      "std": 64.39923483823391,
      "min": 32.0,
      "max": 250.0,
      "median": 151.85
    },
    "speed_std_dev": {
      "mean": 24.086126343950582,
      "std": 12.337249486296228,
      "min": 6.303945470109786,
      "max": 53.397273974610506,
      "median": 26.327185780757343
    },
    "avg_acceleration_g": {
      "mean": 0.3856206395304545,
      "std": 0.23083663908065846,
      "min": 0.07333467741935484,
      "max": 0.8764216867469878,
      "median": 0.31657602304448534
    },
    "max_acceleration_g": {
      "mean": 0.5806,
      "std": 0.2969115861666567,
      "min": 0.098,
      "max": 1.099,
      "median": 0.495
    },
    "max_deceleration_g": {
      "mean": 0.8355600000000001,
      "std": 0.47469358158711183,
      "min": 0.199,
      "max": 1.799,
      "median": 0.596
    },
    "avg_rpm": {
      "mean": 3037.175,
      "std": 1334.4777983821987,
      "min": 917.0,
      "max": 5810.0,
      "median": 2780.0
    },
    "max_rpm": {
      "mean": 3928.585,
      "std": 1561.775410478408,
      "min": 1369.0,
      "max": 6924.0,
      "median": 3655.5
    },
    "efficient_rpm_percentage": {
      "mean": 56.398712908914256,
      "std": 42.922862944297115,
      "min": 0.0,
      "max": 100.0,
      "median": 65.97191910373927
    },
    "avg_throttle": {
      "mean": 50.267826685669895,
      "std": 21.09131567541401,
      "min": 6.341062801932367,
      "max": 86.04897959183674,
      "median": 46.71406931447686
    },
    "engine_stress_avg": {
      "mean": 49.20028766725934,
      "std": 21.464522119389727,
      "min": 10.058620689655173,
      "max": 88.34074074074073,
      "median": 44.120307017543865
    },
    "mode_sport_percent": {
      "mean": 33.548997407481714,
      "std": 28.77319661867765,
      "min": 0.0,
      "max": 92.1875,
      "median": 25.026749132284245
    }
  },
  "feature_names": [
    "duration_seconds",
    "distance_km",
    "harsh_brake_count",
    "harsh_accel_count",
    "harsh_brake_rate",
    "harsh_accel_rate",
    "speeding_percentage",
    "idle_percentage",
    "over_rpm_percentage",
    "high_throttle_percentage",
    "avg_speed_kmh",
    "max_speed_kmh",
    "speed_std_dev",
    "avg_acceleration_g",
    "max_acceleration_g",
    "max_deceleration_g",
    "avg_rpm",
    "max_rpm",
    "efficient_rpm_percentage",
    "avg_throttle",
    "engine_stress_avg",
    "mode_sport_percent"
  ]
}