{
  "trained_at": "2026-01-09T16:25:03.042733",
  "n_samples": 204,
  "algorithm": "isolation_forest",
  "contamination": 0.1,
  "actual_anomaly_rate": 0.10294117647058823,
  "score_threshold": -3.122502256758253e-17,
  "feature_stats": {
    "duration_seconds": {
      "mean": 215.62745098039215,
      "std": 78.2032823102121,
      "min": 61.0,
      "max": 399.0,
      "median": 203.0
    },
    "distance_km": {
      "mean": 5.289316131197231,
      "std": 1.8917482715451872,
      "min": 0.0,
      "max": 9.619691737891738,
      "median": 5.416633185579197
    },
    "harsh_brake_count": {
      "mean": 12.5,
      "std": 10.094892904092546,
      "min": 0.0,
      "max": 49.0,
      "median": 10.0
    },
    "harsh_accel_count": {
      "mean": 13.71078431372549,
      "std": 12.037917275261051,
      "min": 0.0,
      "max": 50.0,
      "median": 12.0
    },
    "harsh_brake_rate": {
      "mean": 257.2578102888054,
      "std": 232.2388619888686,
      "min": 0.0,
      "max": 886.9565217391305,
      "median": 152.9677273753103
    },
    "harsh_accel_rate": {
      "mean": 290.51076726986616,
      "std": 274.6551296221917,
      "min": 0.0,
      "max": 943.3155080213903,
      "median": 195.3303527074019
    },
    "speeding_percentage": {
      "mean": 80.4879906121121,
      "std": 23.382516583604904,
      "min": 0.0,
      "max": 99.21875,
      "median": 88.12237945492663
    },
    "idle_percentage": {
      "mean": 1.8393883189323994,
      "std": 12.046694989260052,
      "min": 0.0,
      "max": 100.0,
      "median": 0.0
    },
    "over_rpm_percentage": {
      "mean": 0.32606658198277744,
      "std": 1.209598257248121,
      "min": 0.0,
      "max": 11.25,
      "median": 0.0
    },
    "high_throttle_percentage": {
      "mean": 25.705632823697954,
      "std": 28.571168196548836,
      "min": 0.0,
      "max": 82.01438848920863,
      "median": 11.864222733787951
    },
    "avg_speed_kmh": {
      "mean": 98.39355392026582,
      "std": 43.38341110731457,
      "min": 0.0,
      "max": 187.49,
      "median": 90.51323339780787
    },
    "max_speed_kmh": {
      "mean": 150.33039215686276,
      "std": 65.69316120615584,
      "min": 0.0,
      "max": 250.0,
      "median": 151.1
    },
    "speed_std_dev": {
      "mean": 23.794698159691475,
      "std": 12.58863937509142,
      "min": 0.0,
      "max": 53.397273974610506,
      "median": 26.16969256088744
    },
    "avg_acceleration_g": {
      "mean": 0.3801542616152233,
      "std": 0.23237278138514492,
      "min": 0.0,
      "max": 0.8764216867469878,
      "median": 0.3158791587585129
    },
    "max_acceleration_g": {
      "mean": 0.5740343137254902,
      "std": 0.30353892052510933,
      "min": 0.0,
      "max": 1.099,
      "median": 0.495
    },
    "max_deceleration_g": {
      "mean": 0.8249313725490196,
      "std": 0.47970492890910005,
      "min": 0.0,
      "max": 1.799,
      "median": 0.5954999999999999
    },
    "avg_rpm": {
      "mean": 2992.8137254901962,
      "std": 1362.3995932090984,
      "min": 0.0,
      "max": 5810.0,
      "median": 2771.0
    },
    "max_rpm": {
      "mean": 3878.2549019607845,
      "std": 1603.0015576562987,
      "min": 0.0,
      "max": 6924.0,
      "median": 3654.5
    },
    "efficient_rpm_percentage": {
      "mean": 55.50612291808503,
      "std": 43.04697366987584,
      "min": 0.0,
      "max": 100.0,
      "median": 65.75531518090264
    },
    "avg_throttle": {
      "mean": 49.77497822821961,
      "std": 21.18026144999284,
      "min": 6.341062801932367,
      "max": 86.04897959183674,
      "median": 46.318242739555835
    },
    "engine_stress_avg": {
      "mean": 48.50191489637337,
      "std": 21.848969426515552,
      "min": 8.835483870967742,
      "max": 88.34074074074073,
      "median": 44.05844049806083
    },
    "mode_sport_percent": {
      "mean": 32.977117397200054,
      "std": 28.794895560176375,
      "min": 0.0,
      "max": 92.1875,
      "median": 24.754438136433272
    }
  },
  "feature_names": [
    "duration_seconds",
    "distance_km",
    "harsh_brake_count",
    "harsh_accel_count",
    "harsh_brake_rate",
    "harsh_accel_rate",
    "speeding_percentage",
    "idle_percentage",
    "over_rpm_percentage",
    "high_throttle_percentage",
    "avg_speed_kmh",
    "max_speed_kmh",
    "speed_std_dev",
    "avg_acceleration_g",
    "max_acceleration_g",
    "max_deceleration_g",
    "avg_rpm",
    "max_rpm",
    "efficient_rpm_percentage",
    "avg_throttle",
    "engine_stress_avg",
    "mode_sport_percent"
  ]
}