{
  "trained_at": "2026-01-09T16:25:02.885985",
  "n_samples": 204,
  "n_train": 163,
  "n_test": 41,
  "accuracy": 0.926829268292683,
  "cv_mean": 0.9167073170731707,
  "cv_std": 0.036413417064267005,
  "algorithm": "random_forest",
  "feature_importance": {
    "harsh_brake_count": 0.12196849642571396,
    "harsh_brake_rate": 0.10509765702623192,
    "mode_sport_percent": 0.08670456217804447,
    "max_deceleration_g": 0.08380683218398449,
    "engine_stress_avg": 0.0722986505791892,
    "avg_acceleration_g": 0.06466874925938723,
    "high_throttle_percentage": 0.046624041948825405,
    "max_rpm": 0.04510666012143021,
    "max_speed_kmh": 0.0444453430825195,
    "harsh_accel_count": 0.042091480390304456,
    "avg_rpm": 0.04093279924591336,
    "max_acceleration_g": 0.040596880705587764,
    "harsh_accel_rate": 0.031179426787405217,
    "avg_speed_kmh": 0.03036591660576035,
    "avg_throttle": 0.029203119428290986,
    "efficient_rpm_percentage": 0.0253518643698636,
    "speed_std_dev": 0.02474436864822565,
    "distance_km": 0.022510442723374647,
    "speeding_percentage": 0.01426637760917313,
    "over_rpm_percentage": 0.012462526195529794,
    "duration_seconds": 0.011959345732250484,
    "idle_percentage": 0.0036144587529942608
  },
  "classes": [
    "dangerous",
    "calm",
    "normal",
    "aggressive",
    "exemplary"
  ]
}